ID,Timestamp,Canvas Width,Canvas Height,Num Polygons,Num Circles,Initial Area,Optimized Area,Iterations,Resolution,Execution Time (s)
A_1_1_1764712023,2025-12-02 18:47:06,100,100,1,0,6340.00,9056.41,0,30,0.01
M_1_1_1764712023,2025-12-02 18:47:45,100,100,1,0,6340.00,9053.33,14,30,38.71
A_1_2_1764712065,2025-12-02 18:47:48,100,100,1,0,5743.33,8735.59,0,30,0.01
M_1_2_1764712065,2025-12-02 18:48:38,100,100,1,0,5743.33,8720.00,18,30,50.12
A_1_3_1764712118,2025-12-02 18:48:42,100,100,0,1,8883.33,8906.47,0,30,0.01
M_1_3_1764712118,2025-12-02 18:49:27,100,100,0,1,8883.33,8900.00,11,30,44.11
A_1_4_1764712167,2025-12-02 18:49:30,100,100,1,0,7533.33,8500.80,0,30,0.01
M_1_4_1764712167,2025-12-02 18:50:18,100,100,1,0,7533.33,8500.00,18,30,47.61
A_1_5_1764712218,2025-12-02 18:50:22,100,100,1,0,6300.00,9218.92,0,30,0.02
M_1_5_1764712218,2025-12-02 18:50:54,100,100,1,0,6300.00,9170.00,9,30,31.81
A_1_6_1764712254,2025-12-02 18:50:57,100,100,1,0,6900.00,7806.93,0,30,0.01
M_1_6_1764712254,2025-12-02 18:51:39,100,100,1,0,6900.00,7800.00,18,30,42.03
A_1_7_1764712299,2025-12-02 18:51:43,100,100,1,0,7240.00,9158.03,0,30,0.01
M_1_7_1764712299,2025-12-02 18:52:13,100,100,1,0,7240.00,9143.33,11,30,30.19
A_1_8_1764712333,2025-12-02 18:52:17,100,100,1,0,4230.00,8092.93,0,30,0.01
M_1_8_1764712333,2025-12-02 18:52:59,100,100,1,0,4230.00,8090.00,19,30,42.20
A_1_9_1764712379,2025-12-02 18:53:04,100,100,0,1,6380.00,7997.53,0,30,0.01
M_1_9_1764712379,2025-12-02 18:53:59,100,100,0,1,6380.00,7986.67,15,30,55.28
A_1_10_1764712439,2025-12-02 18:54:03,100,100,1,0,7710.00,8354.51,0,30,0.01
M_1_10_1764712439,2025-12-02 18:54:45,100,100,1,0,7710.00,8343.33,16,30,42.68
A_1_11_1764712485,2025-12-02 18:54:49,100,100,1,0,5573.33,9496.08,0,30,0.01
M_1_11_1764712485,2025-12-02 18:55:26,100,100,1,0,5573.33,9483.33,12,30,36.88
A_1_12_1764712526,2025-12-02 18:55:30,100,100,1,0,8256.67,8906.37,0,30,0.01
M_1_12_1764712526,2025-12-02 18:56:05,100,100,1,0,8256.67,8900.00,13,30,35.11
A_1_13_1764712565,2025-12-02 18:56:08,100,100,1,0,5666.67,8932.61,0,30,0.01
M_1_13_1764712565,2025-12-02 18:56:48,100,100,1,0,5666.67,8923.33,16,30,39.85
A_1_14_1764712608,2025-12-02 18:56:52,100,100,1,0,5070.00,9132.26,0,30,0.01
M_1_14_1764712608,2025-12-02 18:57:20,100,100,1,0,5070.00,9120.00,9,30,27.73
A_1_15_1764712640,2025-12-02 18:57:25,100,100,1,0,8280.00,8388.46,0,30,0.01
M_1_15_1764712640,2025-12-02 18:57:58,100,100,1,0,8280.00,8380.00,12,30,32.97
A_1_16_1764712678,2025-12-02 18:58:01,100,100,0,1,5493.33,9379.74,0,30,0.01
M_1_16_1764712678,2025-12-02 18:58:44,100,100,0,1,5493.33,9370.00,11,30,42.52
A_1_17_1764712724,2025-12-02 18:58:47,100,100,1,0,7540.00,9250.10,0,30,0.01
M_1_17_1764712724,2025-12-02 18:59:39,100,100,1,0,7540.00,9240.00,17,30,51.84
A_1_18_1764712779,2025-12-02 18:59:43,100,100,1,0,8220.00,9541.99,0,30,0.01
M_1_18_1764712779,2025-12-02 19:00:44,100,100,1,0,8220.00,9540.00,20,30,60.55
A_1_19_1764712844,2025-12-02 19:00:47,100,100,1,0,8836.67,9648.66,0,30,0.01
M_1_19_1764712844,2025-12-02 19:01:24,100,100,1,0,8836.67,9643.33,11,30,36.01
A_1_20_1764712884,2025-12-02 19:01:27,100,100,1,0,5060.00,9212.27,0,30,0.01
M_1_20_1764712884,2025-12-02 19:02:13,100,100,1,0,5060.00,9210.00,17,30,46.20
A_2_1_1764712933,2025-12-02 19:02:17,100,100,2,0,5090.00,7818.75,0,30,0.01
M_2_1_1764712933,2025-12-02 19:03:22,100,100,2,0,5090.00,7813.33,42,30,64.63
A_2_2_1764713002,2025-12-02 19:03:25,100,100,2,0,5903.33,8956.64,0,30,0.01
M_2_2_1764713002,2025-12-02 19:04:15,100,100,2,0,5903.33,8950.00,26,30,50.09
A_2_3_1764713055,2025-12-02 19:04:19,100,100,2,0,8003.33,8653.71,0,30,0.01
M_2_3_1764713055,2025-12-02 19:05:22,100,100,2,0,8003.33,7780.00,34,30,62.26
A_2_4_1764713122,2025-12-02 19:05:25,100,100,2,0,5480.54,8930.29,0,30,0.01
M_2_4_1764713122,2025-12-02 19:06:12,100,100,2,0,5480.54,8923.33,21,30,46.88
A_2_5_1764713172,2025-12-02 19:06:16,100,100,1,1,5870.00,8972.71,0,30,0.01
M_2_5_1764713172,2025-12-02 19:07:06,100,100,1,1,5870.00,8963.33,18,30,49.89
A_2_6_1764713226,2025-12-02 19:07:10,100,100,2,0,7080.00,8176.62,0,30,0.01
M_2_6_1764713226,2025-12-02 19:07:51,100,100,2,0,7080.00,8166.67,24,30,40.99
A_2_7_1764713271,2025-12-02 19:07:54,100,100,2,0,4656.10,7889.35,0,30,0.01
M_2_7_1764713271,2025-12-02 19:08:58,100,100,2,0,4656.10,7980.00,41,30,63.83
A_2_8_1764713338,2025-12-02 19:09:02,100,100,2,0,5386.67,8437.18,0,30,0.01
M_2_8_1764713338,2025-12-02 19:10:08,100,100,2,0,5386.67,8423.33,41,30,66.31
A_2_9_1764713408,2025-12-02 19:10:12,100,100,2,0,5400.00,9129.86,0,30,0.01
M_2_9_1764713408,2025-12-02 19:11:35,100,100,2,0,5400.00,9083.33,33,30,83.22
A_2_10_1764713495,2025-12-02 19:11:39,100,100,2,0,6550.00,9333.93,0,30,0.01
M_2_10_1764713495,2025-12-02 19:12:59,100,100,2,0,6550.00,9450.00,34,30,79.60
A_2_11_1764713579,2025-12-02 19:13:02,100,100,2,0,6280.00,8941.11,0,30,0.01
M_2_11_1764713579,2025-12-02 19:13:46,100,100,2,0,6280.00,8940.00,20,30,43.79
A_2_12_1764713626,2025-12-02 19:13:50,100,100,2,0,6346.67,7586.91,0,30,0.01
M_2_12_1764713626,2025-12-02 19:14:39,100,100,2,0,6346.67,7583.33,29,30,49.33
A_2_13_1764713679,2025-12-02 19:14:43,100,100,2,0,4976.67,8689.95,0,30,0.01
M_2_13_1764713679,2025-12-02 19:15:47,100,100,2,0,4976.67,8680.00,33,30,63.62
A_2_14_1764713747,2025-12-02 19:15:50,100,100,1,1,4480.00,7723.24,0,30,0.01
M_2_14_1764713747,2025-12-02 19:17:12,100,100,1,1,4480.00,7720.00,37,30,81.59
A_2_15_1764713832,2025-12-02 19:17:16,100,100,2,0,4966.67,9264.99,0,30,0.01
M_2_15_1764713832,2025-12-02 19:18:21,100,100,2,0,4966.67,9260.00,33,30,65.64
A_2_16_1764713901,2025-12-02 19:18:25,100,100,2,0,5790.00,8329.91,0,30,0.01
M_2_16_1764713901,2025-12-02 19:19:39,100,100,2,0,5790.00,8250.00,32,30,73.41
A_2_17_1764713979,2025-12-02 19:19:42,100,100,2,0,6000.00,8444.78,0,30,0.01
M_2_17_1764713979,2025-12-02 19:20:43,100,100,2,0,6000.00,8440.00,30,30,60.99
A_2_18_1764714043,2025-12-02 19:20:47,100,100,2,0,6366.67,7528.82,0,30,0.01
M_2_18_1764714043,2025-12-02 19:21:36,100,100,2,0,6366.67,7523.33,24,30,49.32
A_2_19_1764714096,2025-12-02 19:21:40,100,100,1,1,4740.00,8635.29,0,30,0.01
M_2_19_1764714096,2025-12-02 19:22:44,100,100,1,1,4740.00,8620.00,29,30,63.74
A_2_20_1764714164,2025-12-02 19:22:48,100,100,1,1,6294.05,7729.55,0,30,0.02
M_2_20_1764714164,2025-12-02 19:23:53,100,100,1,1,6294.05,7720.00,35,30,65.23
A_3_1_1764714233,2025-12-02 19:23:57,100,100,3,0,3606.18,8333.64,0,30,0.03
M_3_1_1764714233,2025-12-02 19:25:01,100,100,3,0,3606.18,8320.00,40,30,64.22
A_3_2_1764714301,2025-12-02 19:25:05,100,100,3,0,7403.43,9450.02,0,30,0.05
M_3_2_1764714301,2025-12-02 19:26:36,100,100,3,0,7403.43,9443.33,36,30,90.90
A_3_3_1764714396,2025-12-02 19:26:40,100,100,2,1,5710.00,8630.37,0,30,0.02
M_3_3_1764714396,2025-12-02 19:28:10,100,100,2,1,5710.00,8620.00,49,30,89.63
A_3_4_1764714490,2025-12-02 19:28:14,100,100,3,0,3414.20,8055.42,0,30,0.03
M_3_4_1764714490,2025-12-02 19:29:20,100,100,3,0,3414.20,8046.67,47,30,66.75
A_3_5_1764714560,2025-12-02 19:29:24,100,100,3,0,5893.79,8449.51,0,30,0.02
M_3_5_1764714560,2025-12-02 19:30:55,100,100,3,0,5893.79,8643.33,50,30,90.64
A_3_6_1764714655,2025-12-02 19:30:58,100,100,2,1,5093.33,8463.23,0,30,0.03
M_3_6_1764714655,2025-12-02 19:32:26,100,100,2,1,5093.33,8443.33,57,30,88.10
A_3_7_1764714746,2025-12-02 19:32:30,100,100,2,1,2763.33,7640.29,0,30,0.03
M_3_7_1764714746,2025-12-02 19:34:02,100,100,2,1,2763.33,7696.67,84,30,91.75
A_3_8_1764714842,2025-12-02 19:34:06,100,100,3,0,4408.86,9154.23,0,30,0.03
M_3_8_1764714842,2025-12-02 19:35:10,100,100,3,0,4408.86,9150.00,36,30,64.32
A_3_9_1764714910,2025-12-02 19:35:14,100,100,2,1,4353.33,7373.21,0,30,0.05
M_3_9_1764714910,2025-12-02 19:36:44,100,100,2,1,4353.33,7360.00,36,30,90.15
A_3_10_1764715004,2025-12-02 19:36:48,100,100,3,0,4316.67,7779.36,0,30,0.02
M_3_10_1764715004,2025-12-02 19:38:35,100,100,3,0,4316.67,7866.67,93,30,106.67
A_3_11_1764715115,2025-12-02 19:38:39,100,100,3,0,4503.33,8070.19,0,30,0.02
M_3_11_1764715115,2025-12-02 19:39:44,100,100,3,0,4503.33,8066.67,56,30,64.63
A_3_12_1764715184,2025-12-02 19:39:48,100,100,2,1,4623.77,7772.98,0,30,0.03
M_3_12_1764715184,2025-12-02 19:41:33,100,100,2,1,4623.77,7763.33,119,30,105.38
A_3_13_1764715293,2025-12-02 19:41:37,100,100,3,0,3620.00,8357.88,0,30,0.03
M_3_13_1764715293,2025-12-02 19:43:08,100,100,3,0,3620.00,8413.33,85,30,91.20
A_3_14_1764715388,2025-12-02 19:43:12,100,100,1,2,4673.33,7100.35,0,30,0.03
M_3_14_1764715388,2025-12-02 19:45:02,100,100,1,2,4673.33,7083.33,47,30,109.51
A_3_15_1764715502,2025-12-02 19:45:06,100,100,3,0,2973.40,8026.04,0,30,0.03
M_3_15_1764715502,2025-12-02 19:46:11,100,100,3,0,2973.40,7926.67,63,30,64.94
A_3_16_1764715571,2025-12-02 19:46:16,100,100,3,0,5610.00,8785.74,0,30,0.03
M_3_16_1764715571,2025-12-02 19:48:19,100,100,3,0,5610.00,9226.67,80,30,123.46
A_3_17_1764715699,2025-12-02 19:48:23,100,100,3,0,5324.48,8058.41,0,30,0.02
M_3_17_1764715699,2025-12-02 19:49:47,100,100,3,0,5324.48,8050.00,54,30,84.11
A_3_18_1764715787,2025-12-02 19:49:51,100,100,2,1,4526.67,8226.72,0,30,0.03
M_3_18_1764715787,2025-12-02 19:51:27,100,100,2,1,4526.67,8223.33,60,30,95.95
A_3_19_1764715887,2025-12-02 19:51:31,100,100,3,0,3688.84,7992.22,0,30,0.03
M_3_19_1764715887,2025-12-02 19:52:46,100,100,3,0,3688.84,7860.00,42,30,75.03
A_3_20_1764715966,2025-12-02 19:52:50,100,100,3,0,4162.57,8300.56,0,30,0.03
M_3_20_1764715966,2025-12-02 19:54:25,100,100,3,0,4162.57,8286.67,66,30,94.96
A_4_1_1764716065,2025-12-02 19:54:30,100,100,3,1,5536.50,7962.66,0,30,0.05
M_4_1_1764716065,2025-12-02 19:56:03,100,100,3,1,5536.50,8483.33,77,30,92.73
A_4_2_1764716163,2025-12-02 19:56:07,100,100,4,0,4240.36,8028.46,0,30,0.03
M_4_2_1764716163,2025-12-02 19:57:34,100,100,4,0,4240.36,8203.33,67,30,86.99
A_4_3_1764716254,2025-12-02 19:57:38,100,100,4,0,4923.33,8855.57,0,30,0.03
M_4_3_1764716254,2025-12-02 19:59:23,100,100,4,0,4923.33,8843.33,87,30,105.13
A_4_4_1764716363,2025-12-02 19:59:28,100,100,2,2,2747.73,7346.75,0,30,0.03
M_4_4_1764716363,2025-12-02 20:02:24,100,100,2,2,2747.73,7340.00,180,30,176.63
A_4_5_1764716544,2025-12-02 20:02:28,100,100,4,0,4116.67,8520.63,0,30,0.03
M_4_5_1764716544,2025-12-02 20:04:27,100,100,4,0,4116.67,8520.00,88,30,119.11
A_4_6_1764716667,2025-12-02 20:04:31,100,100,2,2,3876.67,7520.04,0,30,0.06
M_4_6_1764716667,2025-12-02 20:06:21,100,100,2,2,3876.67,7513.33,103,30,109.33
A_4_7_1764716781,2025-12-02 20:06:24,100,100,3,1,3231.06,7481.87,0,30,0.03
M_4_7_1764716781,2025-12-02 20:08:31,100,100,3,1,3231.06,7480.00,92,30,126.84
A_4_8_1764716911,2025-12-02 20:08:35,100,100,4,0,3623.33,8728.90,0,30,0.04
M_4_8_1764716911,2025-12-02 20:09:49,100,100,4,0,3623.33,8643.33,67,30,74.07
A_4_9_1764716989,2025-12-02 20:09:54,100,100,4,0,4726.36,7896.56,0,30,0.03
M_4_9_1764716989,2025-12-02 20:11:37,100,100,4,0,4726.36,7886.67,190,30,102.78
A_4_10_1764717097,2025-12-02 20:11:41,100,100,4,0,3196.67,7254.99,0,30,0.03
M_4_10_1764717097,2025-12-02 20:12:39,100,100,4,0,3196.67,7163.33,42,30,58.37
A_4_11_1764717159,2025-12-02 20:12:43,100,100,4,0,3586.70,7675.47,0,30,0.06
M_4_11_1764717159,2025-12-02 20:14:20,100,100,4,0,3586.70,7666.67,154,30,97.20
A_4_12_1764717260,2025-12-02 20:14:24,100,100,4,0,2739.59,7453.12,0,30,0.05
M_4_12_1764717260,2025-12-02 20:15:51,100,100,4,0,2739.59,7466.67,119,30,87.52
A_4_13_1764717351,2025-12-02 20:15:56,100,100,4,0,2743.33,7848.25,0,30,0.06
M_4_13_1764717351,2025-12-02 20:17:18,100,100,4,0,2743.33,7796.67,127,30,81.95
A_4_14_1764717438,2025-12-02 20:17:22,100,100,3,1,3663.39,8559.19,0,30,0.05
M_4_14_1764717438,2025-12-02 20:19:16,100,100,3,1,3663.39,7500.00,104,30,114.02
A_4_15_1764717556,2025-12-02 20:19:20,100,100,4,0,3196.67,7881.17,0,30,0.06
M_4_15_1764717556,2025-12-02 20:20:50,100,100,4,0,3196.67,7923.33,169,30,90.49
A_4_16_1764717650,2025-12-02 20:20:54,100,100,3,1,6004.84,8541.05,0,30,0.07
M_4_16_1764717650,2025-12-02 20:23:03,100,100,3,1,6004.84,8480.00,108,30,128.78
A_4_17_1764717783,2025-12-02 20:23:08,100,100,3,1,4910.88,8054.88,0,30,0.06
M_4_17_1764717783,2025-12-02 20:25:24,100,100,3,1,4910.88,8040.00,78,30,135.76
A_4_18_1764717924,2025-12-02 20:25:30,100,100,4,0,4493.61,8572.69,0,30,0.05
M_4_18_1764717924,2025-12-02 20:28:55,100,100,4,0,4493.61,8560.00,104,30,205.56
A_4_19_1764718135,2025-12-02 20:29:00,100,100,4,0,4873.62,7478.87,0,30,0.09
M_4_19_1764718135,2025-12-02 20:30:39,100,100,4,0,4873.62,7470.00,101,30,98.43
A_4_20_1764718239,2025-12-02 20:30:45,100,100,4,0,3700.00,7232.61,0,30,0.07
M_4_20_1764718239,2025-12-02 20:32:20,100,100,4,0,3700.00,7063.33,83,30,95.61
A_5_1_1764718340,2025-12-02 20:32:27,100,100,3,2,3097.71,7570.59,0,30,0.12
M_5_1_1764718340,2025-12-02 20:36:08,100,100,3,2,3097.71,7566.67,134,30,221.17
A_5_2_1764718568,2025-12-02 20:36:15,100,100,5,0,3004.52,7291.67,0,30,0.07
M_5_2_1764718568,2025-12-02 20:39:07,100,100,5,0,3004.52,7283.33,192,30,171.98
A_5_3_1764718747,2025-12-02 20:39:12,100,100,5,0,3690.58,8011.20,0,30,0.12
M_5_3_1764718747,2025-12-02 20:41:44,100,100,5,0,3690.58,8003.33,101,30,152.01
A_5_4_1764718904,2025-12-02 20:41:51,100,100,5,0,3553.33,7980.10,0,30,0.09
M_5_4_1764718904,2025-12-02 20:44:43,100,100,5,0,3553.33,8440.00,152,30,171.25
A_5_5_1764719083,2025-12-02 20:44:49,100,100,4,1,6286.67,7786.37,0,30,0.07
M_5_5_1764719083,2025-12-02 20:47:59,100,100,4,1,6286.67,7780.00,140,30,190.71
A_5_6_1764719279,2025-12-02 20:48:05,100,100,5,0,4155.58,8322.01,0,30,0.08
M_5_6_1764719279,2025-12-02 20:50:26,100,100,5,0,4155.58,8320.00,161,30,140.48
A_5_7_1764719426,2025-12-02 20:50:31,100,100,4,1,3505.60,8332.57,0,30,0.11
M_5_7_1764719426,2025-12-02 20:53:47,100,100,4,1,3505.60,8320.00,113,30,195.90
A_5_8_1764719627,2025-12-02 20:53:53,100,100,3,2,3490.00,7169.29,0,30,0.11
M_5_8_1764719627,2025-12-02 20:58:22,100,100,3,2,3490.00,7163.33,269,30,269.35
A_5_9_1764719902,2025-12-02 20:58:26,100,100,5,0,2883.62,8197.49,0,30,0.09
M_5_9_1764719902,2025-12-02 21:00:54,100,100,5,0,2883.62,8200.00,254,30,147.50
A_5_10_1764720054,2025-12-02 21:00:57,100,100,4,1,2656.67,7183.26,0,30,0.06
M_5_10_1764720054,2025-12-02 21:03:13,100,100,4,1,2656.67,7180.00,126,30,135.90
A_5_11_1764720193,2025-12-02 21:03:17,100,100,5,0,3163.33,7960.06,0,30,0.07
M_5_11_1764720193,2025-12-02 21:05:06,100,100,5,0,3163.33,7950.00,242,30,108.91
A_5_12_1764720306,2025-12-02 21:05:10,100,100,3,2,4920.75,7505.18,0,30,0.05
M_5_12_1764720306,2025-12-02 21:08:06,100,100,3,2,4920.75,7500.00,174,30,176.18
A_5_13_1764720486,2025-12-02 21:08:10,100,100,4,1,2572.27,7756.07,0,30,0.08
M_5_13_1764720486,2025-12-02 21:10:00,100,100,4,1,2572.27,8000.00,159,30,109.58
A_5_14_1764720600,2025-12-02 21:10:04,100,100,5,0,3419.13,7942.97,0,30,0.09
M_5_14_1764720600,2025-12-02 21:12:17,100,100,5,0,3419.13,7900.00,197,30,133.22
A_5_15_1764720737,2025-12-02 21:12:21,100,100,5,0,2963.33,8749.96,0,30,0.06
M_5_15_1764720737,2025-12-02 21:14:06,100,100,5,0,2963.33,8866.67,133,30,105.18
A_5_16_1764720846,2025-12-02 21:14:10,100,100,4,1,3446.67,7683.87,0,30,0.06
M_5_16_1764720846,2025-12-02 21:15:59,100,100,4,1,3446.67,7670.00,173,30,108.26
A_5_17_1764720959,2025-12-02 21:16:02,100,100,4,1,4121.17,8258.45,0,30,0.10
M_5_17_1764720959,2025-12-02 21:17:58,100,100,4,1,4121.17,8593.33,168,30,115.63
A_5_18_1764721078,2025-12-02 21:18:02,100,100,5,0,5750.00,7939.81,0,30,0.08
M_5_18_1764721078,2025-12-02 21:19:51,100,100,5,0,5750.00,7631.37,194,30,108.83
A_5_19_1764721191,2025-12-02 21:19:56,100,100,4,1,3270.00,7539.48,0,30,0.08
M_5_19_1764721191,2025-12-02 21:22:02,100,100,4,1,3270.00,7370.00,295,30,126.82
A_5_20_1764721322,2025-12-02 21:22:07,100,100,5,0,4476.67,7772.76,0,30,0.06
M_5_20_1764721322,2025-12-02 21:24:13,100,100,5,0,4476.67,7800.00,159,30,125.46
A_6_1_1764721453,2025-12-02 21:24:17,100,100,6,0,3390.84,8820.98,0,30,0.15
M_6_1_1764721453,2025-12-02 21:26:03,100,100,6,0,3390.84,8546.67,151,30,106.03
A_6_2_1764721563,2025-12-02 21:26:07,100,100,5,1,3528.04,8123.51,0,30,0.11
M_6_2_1764721563,2025-12-02 21:28:27,100,100,5,1,3528.04,7920.00,447,30,140.18
A_6_3_1764721707,2025-12-02 21:28:31,100,100,5,1,5925.14,7983.75,0,30,0.07
M_6_3_1764721707,2025-12-02 21:31:08,100,100,5,1,5925.14,7980.00,313,30,157.60
A_6_4_1764721868,2025-12-02 21:31:12,100,100,3,3,3279.47,8413.64,0,30,0.10
M_6_4_1764721868,2025-12-02 21:34:49,100,100,3,3,3279.47,8400.00,244,30,217.13
A_6_5_1764722089,2025-12-02 21:34:54,100,100,6,0,4030.00,8048.45,0,30,0.09
M_6_5_1764722089,2025-12-02 21:37:00,100,100,6,0,4030.00,8490.00,185,30,126.16
A_6_6_1764722220,2025-12-02 21:37:04,100,100,6,0,2470.39,8093.04,0,30,0.15
M_6_6_1764722220,2025-12-02 21:40:36,100,100,6,0,2470.39,8083.33,405,30,212.33
A_6_7_1764722436,2025-12-02 21:40:40,100,100,6,0,4613.33,8456.35,0,30,0.20
M_6_7_1764722436,2025-12-02 21:42:52,100,100,6,0,4613.33,8160.00,191,30,132.39
A_6_8_1764722572,2025-12-02 21:42:56,100,100,5,1,2867.48,8133.24,0,30,0.10
M_6_8_1764722572,2025-12-02 21:46:10,100,100,5,1,2867.48,8046.67,672,30,193.98
A_6_9_1764722770,2025-12-02 21:46:14,100,100,3,3,2835.64,7223.39,0,30,0.07
M_6_9_1764722770,2025-12-02 21:52:02,100,100,3,3,2835.64,7220.00,609,30,347.91
A_6_10_1764723122,2025-12-02 21:52:05,100,100,4,2,2272.73,7080.45,0,30,0.08
M_6_10_1764723122,2025-12-02 21:57:00,100,100,4,2,2272.73,6626.88,521,30,294.08
A_6_11_1764723420,2025-12-02 21:57:03,100,100,4,2,2329.92,7782.29,0,30,0.15
M_6_11_1764723420,2025-12-02 22:00:44,100,100,4,2,2329.92,7620.00,523,30,220.59
A_6_12_1764723644,2025-12-02 22:00:48,100,100,5,1,2702.70,7048.76,0,30,0.19
